ModelID	is_rms	NAMPT	RPL5
ACH-000001	0	-0.12089485772482561	-2.839336634727115
ACH-000004	0	-1.056148575227925	-2.312560328387193
ACH-000005	0	-0.9104701598260705	-2.981765583940764
ACH-000007	0	-0.5126677472299612	-2.5630074255321755
ACH-000009	0	-0.11517561885149386	-2.2128131179080635
ACH-000011	0	-0.12370037826628899	-2.5371881775667173
ACH-000012	0	-0.22163956485268926	-2.8415322615405745
ACH-000013	0	-0.20474380994927985	-2.208130094242633
ACH-000014	0	-0.05054221510613699	-2.2773597423151113
ACH-000015	0	-0.10540674103809466	-2.1864680875131053
ACH-000017	0	-0.07071657470980763	-2.3065086443246843
ACH-000018	0	-0.09412378609691852	-2.90999907304105
ACH-000019	0	-0.9573918558541411	-2.493148387943035
ACH-000021	0	-0.28738565675433003	-2.054759995471844
ACH-000022	0	-0.3616295464798434	-2.8656497055244694
ACH-000023	0	-0.17596006586573815	-1.5612211026956748
ACH-000024	0	-1.2250984222938115	-3.500309626537486
ACH-000025	0	-0.20950963344991763	-2.472890611536787
ACH-000026	0	-0.617769670291795	-2.5985760646830003
ACH-000028	0	-0.7654277265912856	-2.263384355487131
ACH-000029	0	-0.14065522682777665	-2.518514199943394
ACH-000030	0	-1.3620145942217614	-2.646519534649251
ACH-000035	0	-0.2379212098939675	-1.8454830491522007
ACH-000036	0	-0.14652941479856574	-2.8368551585366832
ACH-000037	0	-0.16765626505492182	-2.799111266342376
ACH-000039	0	-0.39406396573419306	-3.029363785426866
ACH-000040	0	-0.15822042138085968	-2.873229185201484
ACH-000041	0	-0.19661589100496132	-2.1919083062599616
ACH-000042	0	-0.4235270488899043	-2.3019599900962042
ACH-000045	0	-1.0065187583110609	-2.737324957003035
ACH-000047	0	-1.199863043765713	-2.2625764295342057
ACH-000048	0	-0.2251354286817086	-2.7079584829996874
ACH-000052	0	-0.14086984771356742	-2.9941675772453866
ACH-000053	0	-1.044347126282179	-3.2155324569209136
ACH-000054	0	-0.16653439905440315	-2.535473495539821
ACH-000055	0	-0.316592049659429	-2.6121083867385275
ACH-000060	0	-0.22226042965082324	-2.7176256155716474
ACH-000067	0	-0.14717376943660215	-3.0252182020007488
ACH-000070	0	-1.259688969799979	-3.0306454435747967
ACH-000074	0	-1.4293560534106324	-2.4252292387880736
ACH-000075	0	-0.2947835379185053	-3.106697892755175
ACH-000076	0	-0.8585755180119277	-2.2814527956886668
ACH-000077	0	-0.8888715558488414	-2.2692240515880333
ACH-000078	0	-0.2910176270346252	-2.7849551620039974
ACH-000082	0	-0.11655578104702313	-2.8472782372028513
ACH-000085	0	0.12859400084467199	-2.6308789132974435
ACH-000086	0	-0.1179247914935968	-2.3346631459352007
ACH-000087	0	-0.375612762463495	-2.398225629650633
ACH-000090	0	-0.5511541513302618	-3.2470131961480595
ACH-000092	0	-0.13000380414399004	-2.6292654889759572
ACH-000093	0	-0.2540596785755319	-2.2712858417643194
ACH-000094	0	-0.6722924795216043	-2.226632440201464
ACH-000095	0	-0.16523600393703952	-2.4210399265044638
ACH-000096	0	-0.20730280494332792	-2.5749266317580393
ACH-000097	0	-1.0395842866718392	-2.1952781515828232
ACH-000098	0	-0.16441808282829906	-2.5333018691150477
ACH-000099	0	-0.31022842704898956	-2.796454326269303
ACH-000100	1	-0.10793335825984601	-2.3221593009091794
ACH-000101	0	-0.9108712978500613	-2.556576935561688
ACH-000103	0	-0.9112579665515439	-2.4758201162145785
ACH-000106	0	-0.5427199760856909	-3.0382987328512163
ACH-000108	0	-1.0733250921831887	-2.2746136381139244
ACH-000111	0	-1.154294771641868	-2.5368086866553856
ACH-000113	0	-1.4962396375649387	-2.6917748190167283
ACH-000114	0	-0.11933791806500932	-2.6163367002030733
ACH-000115	0	-0.20987706531173558	-1.8943590972381221
ACH-000116	0	-0.10850200371962582	-2.4895544757065062
ACH-000118	0	-0.5882558415646214	-2.5082659101946034
ACH-000120	0	-0.24070973293805742	-2.485342510936867
ACH-000123	0	-0.2465116401152709	-2.5038267626471375
ACH-000124	0	-0.874151958221921	-3.2482674097208752
ACH-000127	0	-0.9594621342218055	-2.8534349810728603
ACH-000128	0	-0.30227566875361306	-2.39332734530324
ACH-000132	0	-0.08025373588878282	-3.2119048163950703
ACH-000133	0	-0.15694554600264177	-2.682725038660701
ACH-000137	0	-0.13476894759783942	-2.4439169592902417
ACH-000138	0	-0.15488183235313807	-2.631089774276925
ACH-000139	0	-0.329595024368821	-2.3774356475873866
ACH-000141	0	-0.1800276933076208	-2.351002817298585
ACH-000142	0	-0.11454185625699576	-2.5264008576392114
ACH-000143	0	-0.3577489542649252	-2.615291727669242
ACH-000144	0	-0.4578193921070718	-2.9525977679511457
ACH-000145	0	-0.07961113607912768	-2.556036044732227
ACH-000146	0	-1.6271121172284841	-2.5301528584167805
ACH-000147	0	-0.8307608322868296	-1.8344157366317715
ACH-000148	0	-0.3805003896025942	-2.3806267739671796
ACH-000149	0	-0.7152994853770702	-1.7594537739803329
ACH-000151	0	-1.0651531806314414	-3.116386097764108
ACH-000152	0	-0.183913118665347	-2.8048565818701134
ACH-000153	0	-0.1625747625042256	-2.0216605367638927
ACH-000155	0	-0.43649503881696355	-1.1390945141801274
ACH-000159	0	-0.4089238752827797	-2.902173810573174
ACH-000160	0	-0.22937425920838134	-2.031591448619039
ACH-000161	0	-0.19669753313337374	-2.778394049388497
ACH-000163	0	-0.16746263989360638	-2.6019291024470856
ACH-000164	0	-0.04716354911872955	-2.1938776253658916
ACH-000167	0	-0.8124917679029974	-2.9545954652177393
ACH-000168	0	-1.8151958290594479	-2.364153889793843
ACH-000169	1	-0.22342321945904864	-3.0782951751218475
ACH-000172	0	-0.07280766415846596	-2.953652466964956
ACH-000174	0	-0.36846581194665023	-2.994675413672697
ACH-000176	0	-0.2326592505159071	-2.463606756456516
ACH-000178	0	-0.580329723659134	-2.5085697944822694
ACH-000181	0	-0.16950107755758687	-3.0976993026477984
ACH-000182	0	-0.4964038374377	-2.4425247998648483
ACH-000183	0	-1.0851165751641472	-1.9980544636461226
ACH-000187	0	-0.8265881413659573	-2.5606809249683447
ACH-000188	0	-0.26636414573057887	-2.75925081289149
ACH-000189	0	-0.20724182294647023	-2.7610653533562957
ACH-000190	0	-0.04889464174005104	-2.971481113559331
ACH-000191	0	-0.2194414629398779	-2.482361662473157
ACH-000192	0	-0.16847102847845463	-2.3441240207636174
ACH-000195	0	-1.0623665364201367	-2.5517655256659113
ACH-000198	0	-1.058224818523549	-2.882530860654672
ACH-000200	0	-0.28216088662521566	-3.0851977892522986
ACH-000202	0	-0.3086621001097123	-3.2109282888104715
ACH-000203	0	-0.1496444696319768	-2.7899015863507417
ACH-000204	0	-1.3449411536350357	-2.830031562931829
ACH-000206	0	-0.7404872682593746	-2.7368675190172773
ACH-000207	0	-0.040236189634160424	-2.0100589995793974
ACH-000208	0	-0.01123112486405431	-3.0006069741994827
ACH-000209	0	-0.36996192193848854	-2.659832270286637
ACH-000210	0	-0.4544653124235204	-3.0372983089022894
ACH-000211	0	-0.14184258544749656	-2.815587833937861
ACH-000212	0	-0.864042722237554	-2.069433867267606
ACH-000213	0	0.19093944439149646	-2.8808589854093243
ACH-000215	0	-0.19272646357291726	-2.343328025213531
ACH-000216	0	-0.4272736691749927	-2.6649054696462704
ACH-000217	0	-0.1674104151982489	-2.3540933493753458
ACH-000219	0	-0.25683024144728983	-2.2895008013280975
ACH-000221	0	-0.43945050565338384	-2.473630138823334
ACH-000222	0	-2.077140619552331	-2.699408165057418
ACH-000223	0	-0.4352870899491806	-2.2652798311687263
ACH-000226	0	-0.8989151233626306	-3.0863051361213523
ACH-000227	0	-0.20608430251965307	-3.1102115003152964
ACH-000228	0	-0.13686793210791637	-2.097507866849252
ACH-000231	0	-0.16099921243403553	-3.509862119777779
ACH-000232	0	-0.23364666654684443	-2.1392782400291046
ACH-000233	0	-0.8845267274421802	-2.720844290041209
ACH-000234	0	-0.32553707800461207	-2.8152231434238106
ACH-000235	0	-0.8500665528903273	-2.8717907522267407
ACH-000237	0	-0.2744712983559313	-2.1683317055225966
ACH-000238	0	-0.06635026684510542	-2.365691524859148
ACH-000239	0	-0.4385156534408966	-2.9572327555959053
ACH-000242	0	-0.4591784979681548	-3.0670270982751644
ACH-000243	0	-0.28121223593930234	-3.235127057486852
ACH-000244	0	-0.13493732371906314	-2.445588290615794
ACH-000246	0	-0.22489360892675936	-2.5549280933714464
ACH-000247	0	-0.42933158566453233	-2.4521779010169484
ACH-000248	0	-0.6150371785556953	-2.6497788305977714
ACH-000249	0	-0.2617931388462257	-2.1245300966422187
ACH-000250	0	-0.16680076723830317	-2.9192241724116568
ACH-000251	0	-0.6978852489600799	-2.8177937131068926
ACH-000252	0	-0.07468464910953271	-2.8133539481592567
ACH-000253	0	-1.1440350052077606	-3.2214200338720076
ACH-000255	0	-0.11003905807953895	-3.0875775758693464
ACH-000256	0	-0.15949563939688538	-2.2881898593907284
ACH-000257	0	-0.6451824969381508	-2.232142372789858
ACH-000258	0	-0.817238146245255	-2.3480544893144777
ACH-000259	0	-0.33113966328045435	-2.6748991180813513
ACH-000260	0	-0.18214803473510144	-2.709680026917216
ACH-000261	0	-0.18942213965775015	-2.712137256832538
ACH-000262	0	-0.01659968909093995	-2.460801632588878
ACH-000263	0	-0.8597156953921756	-2.9067003653012753
ACH-000264	0	-0.1843289275171442	-2.443610463896813
ACH-000265	0	-0.25836595045799515	-2.667173522934446
ACH-000266	0	-0.20769615706377811	-3.116185149373753
ACH-000268	0	-0.3278005238341579	-2.243019963748777
ACH-000269	0	0.0373545929408971	-3.3094876869160808
ACH-000271	0	-1.4350608927739605	-3.4373360247844382
ACH-000272	0	-0.8814076740148244	-2.8848144493545047
ACH-000273	0	-0.7119622459666255	-2.808770813959543
ACH-000274	0	-0.18580755840447793	-2.6092693907075883
ACH-000276	0	-0.10549667912035166	-2.657452632448929
ACH-000277	0	-1.1024762698165684	-2.5207277169915887
ACH-000278	0	-0.4134163335789059	-2.5289973156923966
ACH-000279	0	-0.6268382325487818	-2.380245278551549
ACH-000280	0	-0.05531497656968337	-2.0973904451601815
ACH-000281	0	-0.4390711935008518	-2.397005589346566
ACH-000286	0	-0.6890714516648817	-2.0409116836650654
ACH-000288	0	-0.19923455424407158	-2.230028523223781
ACH-000290	0	-1.2349406434907877	-2.4573548571428883
ACH-000291	0	-0.24404297580736464	-3.088757645816013
ACH-000292	0	-0.19375593866589372	-2.489309996576449
ACH-000293	0	-0.1859953374255359	-2.7749548646271727
ACH-000294	0	-0.663114837704337	-2.1977971446224474
ACH-000295	0	-0.8463464576724802	-2.809026994442255
ACH-000296	0	-0.5456142405762093	-2.059676699838666
ACH-000302	0	-0.12008190464377222	-2.1488328567819597
ACH-000303	0	-1.4602035227654748	-2.1777890323074085
ACH-000304	0	-0.1959419198193555	-2.7683285221890737
ACH-000305	0	-0.07494894795624363	-2.360596751073376
ACH-000307	0	-0.2418437770522614	-2.1894840988086246
ACH-000308	0	-1.131743204572857	-2.251899371108478
ACH-000310	0	-0.2784335203650813	-3.4126998931489068
ACH-000311	0	0.006487458422986814	-2.914223639474171
ACH-000312	0	-0.15727626462419791	-3.1453967453044656
ACH-000313	0	-0.10290259988715766	-3.1062240391002303
ACH-000315	0	-0.723743092907595	-2.32801562693154
ACH-000316	0	-0.30585790908555877	-2.1754688387514394
ACH-000317	0	-0.28924125564353487	-2.135608591367133
ACH-000318	0	-0.4657466590416989	-2.3625301041692612
ACH-000319	0	-0.182546506919381	-2.657383819964578
ACH-000320	0	-0.29127704945185945	-2.691900088506786
ACH-000322	0	-0.2726948521495106	-2.2572722657918867
ACH-000323	0	-0.12652435704873	-2.923921057959766
ACH-000324	0	-0.22748914450133265	-2.7991357874427174
ACH-000325	0	-1.0324936315496118	-3.0076990158488064
ACH-000326	0	-0.9309059523027245	-2.2273901814369808
ACH-000329	0	-0.10456127063848036	-2.458786870186322
ACH-000330	0	-1.2435936359641624	-1.82883480313
ACH-000331	0	-0.15642764942678367	-2.995774618833624
ACH-000332	0	-0.32429449834045243	-2.9568376532402025
ACH-000334	0	-0.3038686802756747	-2.5863734965388234
ACH-000335	0	-0.08955692883098487	-2.745272616980696
ACH-000336	0	-1.1042079885090548	-3.3848754702853086
ACH-000337	0	-0.9556426562203587	-2.688764097149902
ACH-000338	0	-0.3545433577368913	-2.5560932506254197
ACH-000339	0	-0.8580768127612142	-2.61326518652885
ACH-000341	0	-0.0970310630425989	-2.189123739381856
ACH-000343	0	-0.22242554256517685	-2.1292655320111527
ACH-000344	0	0.039871524204919906	-2.7661698238592427
ACH-000345	0	-0.783071202679775	-2.682935151309078
ACH-000346	0	-0.8146939826726696	-2.922619696460584
ACH-000348	0	-0.29239738448970126	-2.468587107556748
ACH-000350	0	-0.25144947932832573	-2.255027621907896
ACH-000352	0	-0.7847995856054291	-2.0646221844164385
ACH-000354	0	-0.7552571841716731	-3.1974388846599653
ACH-000355	0	-0.636319625444381	-2.196133647881702
ACH-000356	0	-0.14608009205474837	-2.88701061610905
ACH-000359	0	-0.2789624714891759	-2.3825338685060435
ACH-000361	0	-0.22541109223221795	-2.2280018135884347
ACH-000362	0	-1.0766739787597535	-2.6157598067845123
ACH-000363	0	-1.2270407177224727	-3.2559395434716367
ACH-000364	0	0.005258376539646559	-2.566744738909707
ACH-000365	0	-0.6974507532636179	-2.2695335061719843
ACH-000366	0	-0.13765330732709358	-1.9504554589420355
ACH-000367	0	-0.6322456854787419	-2.351843871246923
ACH-000368	0	-0.2145284222394286	-2.456130786156221
ACH-000370	0	-0.5540162879817929	-2.628405100201428
ACH-000371	0	-0.8227584990204342	-2.5899329266487467
ACH-000373	0	-0.8366794150778876	-2.703254145950199
ACH-000374	0	-0.2964804441285812	-1.5745603613664905
ACH-000375	0	-0.7178118844252279	-2.4036237308614776
ACH-000376	0	-0.1217258983220792	-2.6094908625711897
ACH-000377	0	-0.22755268281236002	-2.3748948544883084
ACH-000378	0	-0.2946538889893389	-3.041784714480219
ACH-000381	0	-0.2964619500676805	-2.263289451087491
ACH-000383	0	-0.7190482261718509	-2.7633361978350037
ACH-000385	0	-0.11745059603906655	-2.2411055585155983
ACH-000387	0	-0.8644524555281157	-2.0225371807371695
ACH-000389	0	-0.030154177297674	-2.741119318115384
ACH-000390	0	-0.11809136675249171	-2.4519928307782197
ACH-000391	0	-0.47661335590066706	-2.8525793705986766
ACH-000393	0	-0.0012756112409231246	-2.4602142351759437
ACH-000395	0	-0.4264863090366411	-2.307469507586767
ACH-000396	0	0.08354105850844318	-2.8130329458845247
ACH-000397	0	-0.41616772756401277	-2.459564369913947
ACH-000398	0	-0.6635801667670458	-2.494684697222841
ACH-000401	0	-0.9707706940347868	-2.374570561263492
ACH-000402	0	-0.3738436635666896	-2.9980856105761573
ACH-000403	0	-0.3813283812946946	-2.4172103064263766
ACH-000404	0	-0.003971686818980413	-2.2395340864173594
ACH-000405	0	-0.8670072548188266	-2.161346748215678
ACH-000406	0	-0.9765053944156228	-2.352267598011529
ACH-000407	0	-0.16278286829229033	-2.4846306739385815
ACH-000408	0	-0.4324977290759984	-2.4394156938304796
ACH-000410	0	-0.19181535090448157	-2.333528488752228
ACH-000411	0	-0.3220506324755668	-2.5589699237015973
ACH-000414	0	-0.2911058189052361	-2.494397105077414
ACH-000415	0	-0.10249375667706057	-2.368041017311778
ACH-000416	0	-1.2792322644540395	-2.459021497852078
ACH-000417	0	-0.2603652066481706	-2.581523516735964
ACH-000420	0	-0.052355172336846945	-2.976490082381852
ACH-000421	0	-0.7639201421044923	-2.2206193212391994
ACH-000422	0	-0.25000392159333185	-2.1426589615743397
ACH-000424	0	-0.17817411881103362	-3.3329110044009957
ACH-000425	0	-0.19733916358361747	-1.8481589424687264
ACH-000426	0	-1.036486573551537	-2.5010699290447738
ACH-000427	0	-0.03717351928213136	-2.5615450385036977
ACH-000430	0	-0.3358961747507241	-3.4318682410115118
ACH-000431	0	-0.547901012715962	-2.914828730290462
ACH-000433	0	-0.2949507881594206	-2.5551618545405277
ACH-000434	0	-0.2776424388959156	-2.735787013076291
ACH-000435	0	-0.6159821685069939	-2.839934052548357
ACH-000436	0	-1.0894058551811603	-2.436902768033395
ACH-000437	0	-0.19801992006060198	-2.7744286590704137
ACH-000438	0	-0.31829602273754753	-2.6261347998427174
ACH-000441	0	-0.18277716754686857	-2.033855838206164
ACH-000442	0	-0.1791161557010686	-2.9302190774433896
ACH-000444	0	-0.05585743527523912	-2.347784452456439
ACH-000445	0	-0.19046093590469237	-2.296518111408448
ACH-000446	0	-0.3161150566554023	-2.7614725452405313
ACH-000448	0	-0.22452521989953014	-2.585659589705363
ACH-000450	0	-0.19294487189261791	-2.4698855954185435
ACH-000452	0	-0.5531636681465969	-2.101992525547836
ACH-000454	0	-0.20665104997160658	-2.531362158791192
ACH-000455	0	-0.1782715203458355	-2.9599521799636515
ACH-000456	0	-0.27212996169578596	-2.4890491926368132
ACH-000458	0	-0.10662393872925824	-2.7607332375279565
ACH-000459	0	0.061380235730694344	-2.5350804000025375
ACH-000460	0	-1.347404344738469	-3.0595444723789607
ACH-000461	0	-0.22345462115618642	-2.3492020685669837
ACH-000463	0	-0.2992424058528961	-2.3120995324786366
ACH-000464	0	-0.2108780917586185	-2.3110399781929427
ACH-000466	0	-0.030396992572835846	-2.5158351673996675
ACH-000467	0	-0.3358375224282821	-2.176874704038243
ACH-000468	0	-0.11861567256974198	-2.6554216289393784
ACH-000469	0	-0.17323918234268015	-2.2727814105683897
ACH-000470	0	-0.20451165041591624	-2.0509300531264847
ACH-000471	0	-0.3856115816584385	-2.530842869015087
ACH-000472	0	-0.10615745258400411	-2.497558630278823
ACH-000473	0	-0.26171258390743296	-2.400676007852229
ACH-000475	0	-0.06271910405920134	-2.3244177225309133
ACH-000476	0	-0.28830861821627407	-2.881441722991703
ACH-000477	0	-0.3174569842050138	-2.471909039654999
ACH-000478	0	-0.05648090351014223	-2.5887544520009276
ACH-000479	0	-0.32497417447260113	-2.685308842535947
ACH-000480	0	-0.07571765674036973	-2.1944407533547805
ACH-000481	0	-0.12106257750056515	-2.3455235180551135
ACH-000483	0	-0.22299333354631956	-2.766337586556457
ACH-000484	0	-0.037622933180273155	-2.7914921392328282
ACH-000485	0	-0.2075124829984273	-2.784242128499419
ACH-000486	0	-0.01792739791010789	-3.121865612674379
ACH-000487	0	-0.8333780856104973	-2.425617209288967
ACH-000488	0	-0.143033437079572	-2.7605985425898303
ACH-000489	0	-0.7087219359250838	-1.9044064907569875
ACH-000490	0	-0.0442209408506426	-2.410389810665511
ACH-000491	0	-1.013489288899362	-2.4133366242711176
ACH-000493	0	-0.1247235205271689	-2.2946217903771724
ACH-000495	0	-0.15855505894565847	-2.3698788246124525
ACH-000496	0	-0.3067310269405966	-2.5428868080828617
ACH-000498	0	-0.43120674699839606	-2.922864781988732
ACH-000499	0	0.0486960779213344	-2.5360348823612076
ACH-000500	0	-0.6295305320811034	-2.8963317102169213
ACH-000501	0	-0.40750491221246243	-2.331863351687545
ACH-000502	0	-0.6895669561804825	-2.927116324779374
ACH-000503	0	-0.18824201809261118	-2.9026775161160976
ACH-000504	0	-0.07928345351481214	-2.68475595808054
ACH-000505	0	-0.17283851742583056	-2.552258609330436
ACH-000507	0	-0.7520636617399137	-2.477764884009724
ACH-000510	0	-0.11438673458142162	-2.583437375332017
ACH-000511	0	-0.19690546464150793	-3.0659230455071578
ACH-000512	0	-0.4037548220361529	-2.091887457708553
ACH-000514	0	-0.7344283095336551	-2.3041488314534786
ACH-000515	0	-0.6846239099433856	-3.139731739184493
ACH-000516	0	-0.1556953629987577	-2.9353015001871015
ACH-000517	0	-0.26656466767655174	-2.844958780935001
ACH-000518	0	-0.16364801084388925	-2.8589414200853627
ACH-000519	0	-0.5555729831164188	-2.789358171398959
ACH-000520	0	-0.31248459264234973	-2.5507691678939888
ACH-000521	0	-0.25515062777970066	-2.4470204278005436
ACH-000522	0	-0.04233559643463325	-2.4294680475882866
ACH-000524	0	-0.31532533581974137	-2.515604546899657
ACH-000525	0	-0.4196874552302944	-2.7523061997173466
ACH-000527	0	-0.2863004338072899	-2.057650258399222
ACH-000528	0	-0.17067083568033342	-2.3962344321596407
ACH-000532	0	-0.6166457949397226	-2.1142139591038926
ACH-000533	0	-0.36427807654269856	-2.2685558767572807
ACH-000535	0	-0.1573610917424449	-2.944402024924642
ACH-000537	0	-0.3055126742512376	-3.2264800539510787
ACH-000541	0	-0.7538342935035678	-2.3960296478777012
ACH-000542	0	-0.11831107767758348	-2.3337451611576814
ACH-000544	0	-0.1371661763438461	-2.0594212590006986
ACH-000545	0	-0.185793258093901	-2.9499784653237446
ACH-000546	0	-0.32268203334808043	-3.7515787614397516
ACH-000547	0	-0.1945850215703925	-2.591067645372101
ACH-000548	0	-0.3325054433914753	-2.400355137139617
ACH-000549	0	-0.20506622628600324	-2.9509396198633375
ACH-000550	0	0.001593849454712637	-2.1666579565358814
ACH-000551	0	-0.6897851896044357	-2.357821932600478
ACH-000552	0	-0.2832301805584899	-2.5178964025000488
ACH-000554	0	-1.1665332044232892	-1.2775638054291782
ACH-000556	0	-1.431765134983407	-2.9072552856858302
ACH-000557	0	-0.996842136018983	-2.4012953314284617
ACH-000558	0	-0.21282215560371728	-2.223836217721204
ACH-000559	0	-0.31745922339947835	-2.150875818618956
ACH-000561	0	0.1478946929010544	-3.3147060007739566
ACH-000562	0	-1.1816283890122925	-2.313208092651528
ACH-000563	0	-0.7382296936358073	-3.153820173921001
ACH-000565	0	-1.0857171386122038	-2.6864795898401748
ACH-000567	0	-1.1040240672341923	-2.728405279909043
ACH-000569	0	-0.308147222749249	-2.8699183629189844
ACH-000570	0	-0.14597219814456475	-2.8082448286446002
ACH-000571	0	-0.012530841949272842	-2.6178650462675943
ACH-000573	0	-0.2371841569177984	-2.1858364898782576
ACH-000576	0	-0.9859486878867668	-3.021832332762969
ACH-000577	0	-0.047095519778641015	-2.789310519664579
ACH-000579	0	-0.29712273214171825	-2.44631270475726
ACH-000580	0	-0.3150258635947666	-2.4619831965411736
ACH-000581	0	-2.349336921683298	-2.6286921548718585
ACH-000583	0	-1.6740674878110595	-3.1874705257928357
ACH-000584	0	-0.8158016394194787	-1.927269568686964
ACH-000585	0	-0.07327733748664111	-2.1033777390712265
ACH-000587	0	-0.0746344468842306	-2.5697001704418225
ACH-000588	0	-0.9165949095387773	-2.23284724802335
ACH-000589	0	-0.08761194820869006	-2.718137739177569
ACH-000591	0	-0.11658574015088946	-2.732491839576275
ACH-000592	0	-0.3296633216012521	-2.3446945796835594
ACH-000593	0	-0.29100429968787866	-2.6009313085691654
ACH-000595	0	-0.10345951342535137	-2.369182051785163
ACH-000596	0	-0.12443733117094169	-2.2988258596337237
ACH-000597	0	-0.32743418347884423	-2.32562721198155
ACH-000599	0	-1.7493332419463368	-2.9789396509683375
ACH-000601	0	-0.4175014297177736	-2.861550701621603
ACH-000602	0	-1.0390978559761628	-2.232095695115606
ACH-000604	0	-0.6219044457226858	-2.1621819286272155
ACH-000605	0	-0.365686237251246	-2.985686330893069
ACH-000606	0	-0.25601631318165363	-2.4684133426663055
ACH-000607	1	-0.3381039072136163	-2.2825632441293555
ACH-000608	0	-0.37738168404055766	-2.603074794076451
ACH-000609	0	-0.184081383476904	-2.7648839034914245
ACH-000614	0	-0.4653264402821047	-1.855962831780667
ACH-000616	0	-0.1217446165834678	-2.4561504866361226
ACH-000618	0	-0.7993947959851762	-2.7209167538982384
ACH-000619	0	-0.12141465373868604	-2.789280024573934
ACH-000620	0	-0.3123219626946747	-1.822667761103408
ACH-000621	0	-0.9049590783159924	-2.1533677304532333
ACH-000622	0	-0.16896639227338572	-2.6626369315358214
ACH-000623	0	-0.2965272690700165	-2.101061209211521
ACH-000624	0	-0.8649162277328516	-2.742608384048175
ACH-000627	0	-0.15660848559939594	-2.4763470750729613
ACH-000630	0	-0.14771094326822626	-2.320349442969763
ACH-000631	0	-0.6169891647919223	-2.820416352677276
ACH-000632	0	-0.11784683917868854	-2.2969959454045825
ACH-000633	0	-0.06187564888191305	-1.9300559223711664
ACH-000634	0	-0.10548010331890417	-2.6071515965682157
ACH-000637	0	-0.08516141813700923	-2.384665325305836
ACH-000638	0	-0.5763426135287142	-2.5533980198568873
ACH-000639	0	-1.3156505680883184	-2.3934890968152343
ACH-000645	0	-0.22083973383074457	-2.8952030731308076
ACH-000646	0	-0.6307544487330929	-1.9243812846074886
ACH-000647	0	-0.5719724408838028	-2.4966790166944164
ACH-000648	0	-0.3275803416198838	-2.3934827685154256
ACH-000649	0	-0.20101348740249186	-2.266208970540945
ACH-000651	0	-0.4493379312227991	-2.1175327958979926
ACH-000652	0	-0.4619218623937069	-2.2420485930619574
ACH-000653	0	-1.1070398255043377	-2.344627213902043
ACH-000654	0	-1.069101175622796	-2.6250965134661173
ACH-000655	0	-0.10099267379508453	-2.7432235246404133
ACH-000656	0	-2.2327478622275856	-3.823563790327332
ACH-000657	0	-0.24455978095460812	-2.2740562285369386
ACH-000660	0	-1.25022490809464	-2.1216641330614583
ACH-000661	0	-0.3111703844320245	-2.102412343267964
ACH-000662	0	-0.27047320197729374	-2.602241623197516
ACH-000663	0	-0.2028598824143346	-1.7412898594208484
ACH-000664	0	-1.0100419608595228	-2.8406116686125493
ACH-000665	0	-0.19602805994417785	-2.931992751330562
ACH-000666	0	-0.6887242829161648	-3.2147388568540043
ACH-000667	0	-0.1076465841538774	-2.4989431178918737
ACH-000668	0	-0.7477123827078792	-2.101022454528002
ACH-000671	0	0.012294297293245382	-2.0480991546996914
ACH-000672	0	-0.06878559683636337	-2.781717692620202
ACH-000673	0	-0.13149525395456235	-2.906459608741041
ACH-000676	0	-0.45025643048036273	-1.9147011289527922
ACH-000677	0	-0.17393762765402987	-2.0922186292305565
ACH-000681	0	-0.3158692111086718	-2.88103059714455
ACH-000682	0	-0.10776151099943743	-2.6599500502060627
ACH-000683	0	-0.3720010812288261	-1.8628283454432837
ACH-000684	0	-0.4004140634761747	-1.777424405278255
ACH-000685	0	-0.46447477683358535	-2.5233735087556606
ACH-000688	0	-0.0697240059939892	-2.404625530147748
ACH-000693	0	-0.2772987990456529	-2.5023453617813076
ACH-000694	0	-0.17109433917744526	-2.2116771612279034
ACH-000695	0	-0.9195531169014874	-2.7993610172828
ACH-000696	0	-0.4638337267245708	-2.7867005174747477
ACH-000697	0	-0.7379453005507496	-3.177341926040535
ACH-000698	0	-1.0459691873569779	-2.2598033151426264
ACH-000699	0	-0.2559822048115912	-2.352223751631681
ACH-000700	0	-0.04591358367915793	-2.8049426097067283
ACH-000701	0	-0.29251369717407005	-2.4112444007381955
ACH-000702	0	-0.776625050122577	-2.2038114778780673
ACH-000704	0	-0.7325681263287409	-2.9211771850499058
ACH-000706	0	-0.09633379749256554	-2.5261063864336837
ACH-000709	0	-0.10345616329626628	-2.658111053991596
ACH-000711	0	-0.8812952331285123	-2.6552642846289674
ACH-000713	0	-0.8729766503002594	-2.517479913380388
ACH-000714	0	-0.9359221492233083	-2.7080131145772137
ACH-000716	0	-0.16860437633648057	-2.5207614008398016
ACH-000717	0	-0.5826734011484258	-2.3544221958100833
ACH-000718	0	-0.1539101523188336	-2.6720705246720016
ACH-000719	0	-0.11759495936989439	-1.9820857453285217
ACH-000720	0	-0.13692920553325638	-2.474784908244121
ACH-000721	0	-0.18787051211877254	-2.5508442380744962
ACH-000722	0	-1.5280832570343197	-2.49447557035594
ACH-000724	0	0.08910243188263245	-2.76216192859577
ACH-000725	0	-0.2990152223474396	-2.2171064993099225
ACH-000732	0	-0.3879506258126407	-2.816025152812204
ACH-000734	0	-0.14024600695499378	-2.2042954764301235
ACH-000735	0	-0.14675359044820518	-2.668545290231722
ACH-000736	0	-1.2950941935139162	-2.846914265634354
ACH-000738	0	-0.13262461827678468	-2.4360115259718564
ACH-000739	0	-0.1629761769802915	-2.6221156521462836
ACH-000740	0	-0.3301557472194147	-2.607935168358668
ACH-000741	0	-0.4673809763206462	-2.4034146391240387
ACH-000746	0	-0.5151714552461736	-2.037379805024014
ACH-000747	0	-0.3734543671793774	-2.8445517048574676
ACH-000748	0	-0.0726228113525556	-3.2262314562322993
ACH-000749	0	-0.34337676293315944	-2.2252531676121614
ACH-000753	0	-0.4546940796350549	-2.5057738693595923
ACH-000754	0	-1.0352095442672289	-2.273136406518941
ACH-000756	0	-0.06463419141052318	-2.685631539969044
ACH-000757	0	-0.17838564108951027	-2.3379736548373753
ACH-000758	0	-0.5235857976570835	-2.4908912866995667
ACH-000760	0	-0.16897128067978062	-2.7983547383916902
ACH-000762	0	-0.05257672227628962	-2.6546853469526552
ACH-000763	0	-0.7927478302631669	-3.0395879999642523
ACH-000764	0	-0.10275700465379273	-2.7890837443728906
ACH-000765	0	-0.29445461064489853	-2.0741286791884948
ACH-000766	0	-0.39380332651547456	-2.467650337932961
ACH-000767	0	-0.18889685622536662	-2.3265830448932805
ACH-000768	0	-2.111819875740614	-2.721375034695087
ACH-000769	0	-0.22385913825022064	-2.846991519692018
ACH-000770	0	-1.2069563984465126	-3.104326701479806
ACH-000771	0	-0.284079705367722	-2.8055835684057584
ACH-000773	0	-0.4970830279579272	-2.439151765141604
ACH-000774	0	-0.17831845177820743	-2.447531105088966
ACH-000775	0	-0.7620640375427508	-2.4053357769973958
ACH-000776	0	-0.041402986742365144	-2.8895864268548626
ACH-000777	0	-0.22607729864681997	-2.1118939080632058
ACH-000778	0	-0.1430035835681598	-2.114446959589498
ACH-000781	0	-0.19357680449773051	-2.5237538231948244
ACH-000782	0	-0.6317794101396559	-3.0315250592711083
ACH-000783	0	-1.3534436706467634	-2.09866290195447
ACH-000784	0	-0.2155953634924816	-2.37683374875057
ACH-000785	0	-0.6419271742340728	-2.2945396995835843
ACH-000787	0	-0.3444092001740158	-2.2495744481301103
ACH-000788	0	-0.12121272865074473	-2.2323853035638805
ACH-000790	0	-1.0760513274883512	-2.6894005732300856
ACH-000791	0	-0.14027523453624147	-3.0280661078374913
ACH-000792	0	-0.11811915419641145	-2.434370302707178
ACH-000793	0	-1.2500823000597774	-2.721406734865766
ACH-000794	0	-0.12542780572914536	-2.533788459527062
ACH-000796	0	-0.5570944578062257	-3.0622902144432294
ACH-000798	0	-0.37644195370853195	-2.802038744516279
ACH-000799	0	-0.19236483484875078	-2.693539855714495
ACH-000800	0	-0.41698179252030265	-2.7711570505914707
ACH-000801	0	-0.2489392527880488	-2.7778022226568257
ACH-000802	0	-0.24327734717539687	-2.539854237914811
ACH-000804	0	-0.5995490555781341	-2.4312036170225646
ACH-000805	0	-0.2499314732304368	-3.043478164972289
ACH-000807	0	-0.49330557250605855	-2.4284579362861254
ACH-000809	0	-0.14088805376781122	-2.5805426102986675
ACH-000810	0	-0.22170627020336206	-2.873923979044303
ACH-000811	0	-0.07281428046708538	-2.275254367763763
ACH-000817	0	-1.1911418710562771	-2.359134638978837
ACH-000819	0	-0.16451163941851116	-2.6269390862810953
ACH-000820	0	-0.5215360786695968	-2.461530385289111
ACH-000821	0	-0.8546678625115776	-2.2106725496132156
ACH-000822	0	-0.7677683565463227	-2.870111031521396
ACH-000823	0	-0.4596163470436364	-2.473645844405807
ACH-000824	0	-0.18720107179763493	-2.705685892136755
ACH-000826	0	-0.1495545888950992	-3.040333281580774
ACH-000827	0	-0.17915379740489612	-2.5606877793356784
ACH-000829	0	-0.9700916205236669	-2.3731532732623997
ACH-000831	0	-0.2604380374172638	-2.2727764369552106
ACH-000832	0	-0.47325992041872905	-3.00691479676345
ACH-000833	1	-0.27249683226508864	-2.5609181108782963
ACH-000834	0	-0.1758573561482088	-2.6684983849180086
ACH-000835	0	-0.05321226976874466	-2.351039516176603
ACH-000836	0	-0.20850446146552493	-2.554642797482575
ACH-000837	0	-1.3566128245807696	-2.5520416007395657
ACH-000838	0	-0.9527426807811635	-2.4062738488656397
ACH-000839	0	0.05639713819681985	-2.708269909006111
ACH-000840	0	-0.45599675484816476	-2.6772553648812702
ACH-000841	0	-0.4404182876546444	-3.108536455934588
ACH-000843	0	-0.45343902726855817	-2.5921629029993114
ACH-000845	0	-0.3435039185849745	-2.2795978219169464
ACH-000846	0	-0.2727198732201116	-3.081608092264083
ACH-000847	0	0.06225808029103114	-2.4346252725428323
ACH-000848	0	-0.24292621275259205	-2.4541040618593937
ACH-000849	0	-1.311998064430494	-2.630571028802552
ACH-000851	0	-1.0083526415533415	-2.365528686701321
ACH-000853	0	-0.14058154856513327	-2.9839321425109135
ACH-000855	0	-0.16059340254682097	-1.945919494910441
ACH-000856	0	-0.2220596352972515	-2.567791439696676
ACH-000858	0	-0.1351101323750848	-2.4878260861825
ACH-000859	0	-0.49016907264990606	-2.8363701871428195
ACH-000860	0	-1.0986914719258731	-2.467369662555091
ACH-000861	0	-0.3215143606162749	-2.4486054047853547
ACH-000862	0	-0.08942282727377865	-2.296530785638951
ACH-000863	0	-0.019571596823611315	-3.411247791009045
ACH-000864	0	-0.2408861830440069	-2.8765638412923997
ACH-000865	0	-0.25703653794204473	-2.2719761889137184
ACH-000866	0	-0.38715819264758483	-2.5038434729432595
ACH-000867	0	-1.3704353782934973	-2.7486858377334675
ACH-000869	0	-0.17062939343940237	-1.9962865547422965
ACH-000871	0	-0.9315947952310671	-2.4547575940491084
ACH-000872	0	-0.23544384181415345	-2.2643847293712858
ACH-000873	0	-0.9873813387403652	-2.6506677700502728
ACH-000874	0	-1.3113168013170018	-2.463099372511016
ACH-000876	0	-0.6184210084698727	-1.7704147446997671
ACH-000878	0	-0.3554402053713738	-2.964729538655995
ACH-000879	0	-0.2949917380015875	-2.621628006338733
ACH-000880	0	-0.6765973565646652	-2.231117972690346
ACH-000881	0	-0.32514533739962437	-2.4090600020909214
ACH-000882	0	-0.16649851959349277	-2.2869072168660343
ACH-000884	0	-0.10958887884088675	-2.5131889716379807
ACH-000885	0	-0.5649401893004401	-2.326344607113062
ACH-000886	0	-0.29156407893687	-2.3392183132377498
ACH-000887	0	-0.13004904555869712	-2.444944883539012
ACH-000888	0	-0.26250776419751387	-2.5639559317385165
ACH-000889	0	-1.0128890413141103	-2.1278402412965978
ACH-000890	0	-0.2031114721937717	-2.154330762694581
ACH-000894	0	-0.48715386275983874	-2.147273401933433
ACH-000896	0	-0.7267570135773452	-2.5341675552327487
ACH-000898	0	-0.9750527613452664	-2.9235720269986953
ACH-000899	0	-0.08695099355494473	-1.9097383687212135
ACH-000900	0	-0.3819614276033293	-2.983589041268808
ACH-000901	0	-0.1764159523953307	-2.828620553553016
ACH-000903	0	-0.1663205317077857	-2.2703958582695876
ACH-000905	0	-0.21572488753426794	-2.624447912911598
ACH-000906	0	-0.17337341585749588	-2.752234247208881
ACH-000907	0	-0.14698628311148848	-2.411292357946143
ACH-000910	0	-1.2059210458027627	-1.9911492678658331
ACH-000911	0	-0.22631096146381083	-3.092754652471511
ACH-000912	0	-0.48181892907347446	-2.105572528636937
ACH-000913	0	-0.22243696799603832	-2.2245458174240604
ACH-000914	0	-0.8797461397568498	-2.0054745845847037
ACH-000915	0	-0.18778617145483137	-2.6116338915192037
ACH-000916	0	-0.01278148272005869	-2.4731210888525057
ACH-000917	0	-0.5959043769184368	-2.257281145288937
ACH-000919	0	-0.2754773230164014	-2.6289842983801925
ACH-000920	0	-0.7299667446680707	-3.162362766684524
ACH-000921	0	-0.668976825563528	-2.6525255253047506
ACH-000922	0	-1.1602027658874041	-2.6739890804419684
ACH-000924	0	-0.4530088737435804	-2.549803872614619
ACH-000926	0	-0.44061862786488876	-2.346488812295534
ACH-000928	0	-0.47063239307047533	-2.518527681543914
ACH-000929	0	-0.04234909828348554	-2.9498194122223915
ACH-000932	0	-1.3703275566861322	-2.2379563402730236
ACH-000934	0	-0.09705819172953745	-2.1663485282964956
ACH-000935	0	-0.2887095085494174	-2.8187813719125723
ACH-000936	0	-0.4804005777496301	-2.321762862368074
ACH-000937	0	-1.556082117301194	-3.2765069045188926
ACH-000938	0	-1.0563039187399959	-3.1148475964648816
ACH-000939	0	-0.1775318521988707	-2.2409399234051124
ACH-000941	0	-0.17056884517924864	-1.9700121958273145
ACH-000943	0	-1.5663366532694871	-2.2152194043723235
ACH-000944	0	-0.816526844413002	-2.5177648285263916
ACH-000945	0	-0.07876088952797844	-2.544580581176694
ACH-000946	0	-0.7591016438877486	-2.4172745533541025
ACH-000947	0	-0.7077750789807259	-2.268148064522628
ACH-000948	0	-0.7712829769166778	-2.3736732101934104
ACH-000950	0	-0.6637675895495903	-2.793465580699137
ACH-000953	0	-1.2131173270699036	-3.086869191900204
ACH-000956	0	-0.5120275555886581	-2.9661199715926982
ACH-000957	0	-0.6153986558292704	-2.517774878167077
ACH-000958	0	-0.6671454064220763	-2.4185714583028513
ACH-000959	0	-0.7850534797755151	-2.701121341896819
ACH-000960	0	-1.3130782554138816	-3.217080446061742
ACH-000961	0	-0.384829288326069	-2.8004498435817844
ACH-000962	0	-0.6171968245918885	-2.0624853974854087
ACH-000963	0	-0.43181984404173823	-2.5935497735627453
ACH-000965	0	-0.247094019170475	-2.3028064121568654
ACH-000966	0	-0.42616699421247994	-2.925459226153129
ACH-000968	0	-0.165296906386173	-2.1977140752586437
ACH-000969	0	-0.6078518139950909	-2.751963395786257
ACH-000970	0	-1.9612165917643383	-2.2249319943646335
ACH-000971	0	-0.31554205722103684	-2.796428397444989
ACH-000972	0	-0.2943469102449028	-3.2525075871019746
ACH-000973	0	-0.262499771837532	-2.7520872823878344
ACH-000974	0	-1.147170507189474	-2.430687957712949
ACH-000975	0	-0.4857677216499203	-2.015968559664061
ACH-000976	0	-0.25854228164701953	-2.5036287700951823
ACH-000977	0	-0.2786279665343797	-2.5386611595362796
ACH-000978	0	-0.2593212477951097	-3.1007427556950753
ACH-000979	0	-0.5229568164065361	-2.7348904014766737
ACH-000980	0	-0.22111045433741844	-2.5341034808631417
ACH-000983	0	-1.06421631337211	-2.374994767275442
ACH-000984	0	-0.29365675204305486	-1.9741882911811799
ACH-000985	0	-0.6550177475906289	-2.9478266598522196
ACH-000986	0	-1.1101170998043428	-2.7239711810526743
ACH-000988	0	-0.39628448810751615	-2.5037188294089963
ACH-000991	0	-0.6961100204960571	-2.1311343374496494
ACH-000993	0	-0.2125541215017521	-2.480496694304725
ACH-000994	0	-0.9429527701398291	-2.1494100822189703
ACH-000995	0	-0.6757656915706554	-2.281046434440093
ACH-000996	0	-0.33859868413234034	-2.523555435177184
ACH-000997	0	-0.425564866276463	-3.490680576864478
ACH-001001	0	-0.19978838619822717	-2.845672837483063
ACH-001016	0	-0.2939212137185308	-2.4853613186873194
ACH-001020	0	-0.22030027422695203	-3.038803455461231
ACH-001028	0	-0.207341556189223	-2.622604195385462
ACH-001029	0	-0.18638225008463324	-2.4476978071015276
ACH-001031	0	-0.23559451282834196	-2.04557694748767
ACH-001033	0	-0.5418818932368514	-2.5589460100072827
ACH-001036	0	-0.5712259137215547	-2.36064441869769
ACH-001038	0	-0.823831221480088	-2.629574445625009
ACH-001039	0	-2.334041986803758	-2.2849128564437367
ACH-001041	0	-0.3959079034292478	-2.417438020651445
ACH-001048	0	-0.6315832532720052	-2.4407779828338145
ACH-001050	1	-0.06769745420217838	-2.707336550392125
ACH-001053	0	0.051579940142811476	-1.929312693126791
ACH-001054	0	-0.3869094305498164	-2.2259166928910283
ACH-001061	0	-0.8555725903503222	-2.830684847632573
ACH-001065	0	-0.03976326116620843	-3.0757865355537826
ACH-001067	0	-0.20880277003920947	-2.0485597668861093
ACH-001075	0	-0.2863338219489924	-2.520579345149741
ACH-001081	0	-1.4504163470162137	-2.4679567545374907
ACH-001096	1	-0.11028348093521606	-2.722353860901771
ACH-001098	0	-0.5524941954308269	-2.5870102883154003
ACH-001099	0	-0.36637854876653353	-2.3828030874004305
ACH-001107	0	-0.2999497451978448	-2.2815367793216312
ACH-001111	0	-0.2767399695891979	-2.9690095132500582
ACH-001119	0	-0.9519818599351741	-2.7907261227684304
ACH-001126	0	-0.31957608793516845	-2.1819938280690105
ACH-001128	0	-0.219993261503376	-2.6615891611445996
ACH-001129	0	-0.6578703417748532	-3.2020022360689855
ACH-001134	0	-1.3028443919633346	-2.4508685693053796
ACH-001137	0	0.08376112388101775	-2.2528283960152335
ACH-001145	0	-0.30191472273949566	-1.9607617013862968
ACH-001151	0	-1.3766048101830726	-2.592140866815026
ACH-001163	0	-0.29638179145306254	-2.221230615506055
ACH-001164	0	-0.15507875365083074	-2.897485386305988
ACH-001172	0	-0.11557296137163531	-2.423863917077611
ACH-001183	0	-0.1621522332903093	-2.6781428439848507
ACH-001184	1	-0.5631394100316959	-2.4521110774419554
ACH-001188	0	-0.3390883855949669	-2.5472134864400107
ACH-001190	0	0.014788149695074804	-1.9133334263609578
ACH-001192	0	-0.38060375701497684	-2.840733538906762
ACH-001193	0	-0.13525336284468858	-2.769455212507086
ACH-001194	0	-0.1499675495090778	-2.364660988675256
ACH-001196	1	-0.31646279074009387	-2.690159813705096
ACH-001197	0	-0.6091956248280441	-2.9483799988617103
ACH-001205	0	-0.4001599974187194	-3.224541155602796
ACH-001211	0	-0.1838682692277706	-2.0789342529226693
ACH-001227	0	-0.34718633771067864	-2.8303121777449562
ACH-001228	0	-0.21527191687361158	-2.8881020507118826
ACH-001229	0	-0.18116446821875654	-2.71825559022745
ACH-001232	0	-0.1991950715489142	-2.556382305746182
ACH-001233	0	-1.7227456446520066	-3.126004658151109
ACH-001239	0	-0.07891551478549258	-2.380914018830641
ACH-001270	0	-0.09220782186243898	-3.0556707081787984
ACH-001274	0	-0.2195030920205403	-2.5692242397326135
ACH-001275	0	-0.17434024317196745	-3.236810063247982
ACH-001277	0	-0.2574357504588452	-2.5535685496082325
ACH-001278	0	-0.1129963351593305	-2.3082074017966248
ACH-001279	0	-0.13091238766182006	-2.2820392285604227
ACH-001280	0	-0.15125812424642482	-2.5623830541383357
ACH-001283	0	-0.22524885699834118	-2.1075069929104044
ACH-001289	0	-0.733420343217827	-2.5918233094653798
ACH-001295	0	-0.2298750234127215	-2.637929442546073
ACH-001300	0	-0.11078352308404837	-2.771677571812858
ACH-001301	0	-0.23825523602950835	-2.989355508525189
ACH-001302	0	-0.00770425500293187	-2.8399839791184505
ACH-001303	0	-0.12143274820219069	-3.1674433055628035
ACH-001306	0	-0.10651172490150213	-2.5810643354605673
ACH-001307	0	-0.1005306752444064	-2.641354298982051
ACH-001310	0	-0.28322365582007025	-2.994843229566629
ACH-001318	0	-0.21427148391375855	-2.257688717785635
ACH-001322	0	-0.4135835863953037	-2.890218265169919
ACH-001328	0	-0.09738221075918013	-2.9192670109663297
ACH-001329	0	-0.2863328067748393	-2.890008331111485
ACH-001331	0	0.02069713159689207	-2.7959936022758503
ACH-001332	0	-0.23043130922330832	-3.0946060939920743
ACH-001333	0	-0.33894190454333595	-2.2395747567531195
ACH-001334	0	-0.6535112755225938	-2.2012599418497416
ACH-001335	0	-0.23181529014322713	-2.5284371150923413
ACH-001336	0	-0.05489544377161615	-2.7436171767682405
ACH-001338	0	-0.22967577001358427	-2.5674668887896566
ACH-001340	0	-0.31572352701205514	-2.984797174272161
ACH-001341	0	-0.4547879668218653	-2.7532849868131124
ACH-001344	0	-0.11579273042361532	-2.82260446458803
ACH-001345	0	-0.6295589527308036	-2.2337791781417256
ACH-001346	0	-0.22282487299879836	-2.2167019325520325
ACH-001347	0	-0.08849441419122489	-2.3713064112442788
ACH-001353	0	-0.2513162186429173	-2.6274548365465513
ACH-001354	0	-0.32555719691385204	-2.689516579786354
ACH-001356	0	-0.32280789074741056	-2.877645803247403
ACH-001360	0	-0.08231535977845578	-2.5440471020218802
ACH-001366	0	-0.6684213273694373	-2.344134047572603
ACH-001367	0	-0.2589787904759054	-2.573081233135724
ACH-001368	0	-0.8663584249089611	-2.374571167418968
ACH-001370	0	-0.07333826711728042	-2.6367741200691928
ACH-001374	0	-0.21583307919117906	-2.9888835915869914
ACH-001375	0	-0.48809561842026417	-2.5679269664122844
ACH-001377	0	-0.2805734142006948	-2.4246265827779228
ACH-001379	0	-0.13811487077970425	-2.421040489228673
ACH-001380	0	-0.7831466932883416	-2.367189072360036
ACH-001382	0	-0.40299495967107446	-3.1464277910884304
ACH-001385	0	-0.2635038897019353	-2.3412304672632933
ACH-001386	0	-0.8971521832418253	-2.617540008983239
ACH-001388	0	-0.06684832277549979	-2.5983540141056585
ACH-001389	0	-0.29055451881651684	-1.9995235649068934
ACH-001390	0	-0.4894345544652042	-2.432498227034345
ACH-001391	0	-0.24888997987775696	-2.6352312520653896
ACH-001392	0	-0.6234284693796092	-2.750953020028437
ACH-001393	0	-0.8393857519394443	-2.2021561757964085
ACH-001394	0	-0.610479419189709	-2.488093312737231
ACH-001396	0	-0.9014094048150856	-2.2428423032556655
ACH-001398	0	-0.25607310876564315	-2.290786325885508
ACH-001399	0	-0.4454811629186165	-1.9727007391927558
ACH-001400	0	-0.3431529965992349	-2.508408747111413
ACH-001401	0	-0.028850336477298455	-2.6451132196998643
ACH-001402	0	-0.20668798163444743	-2.3686122452261547
ACH-001403	0	-0.09509266598738791	-2.3849661355903247
ACH-001407	0	-0.22014718945647235	-2.4517286390327038
ACH-001408	0	-0.008901913172168097	-2.7501504543180006
ACH-001409	0	-0.4285332669669055	-2.932091433890716
ACH-001411	0	-0.45698299339924686	-3.141741920064926
ACH-001412	0	-0.22681424828785562	-2.488653833351989
ACH-001413	0	-0.10216927003886472	-2.4521361256621037
ACH-001414	0	-0.2133018298727955	-2.5298435142199156
ACH-001415	0	-0.21584489671542512	-2.5708519146165147
ACH-001416	0	-0.4605663665276098	-2.8219771136207563
ACH-001418	0	-1.0147007753377157	-2.3890641123723366
ACH-001419	0	-0.448622240802155	-2.285891395876693
ACH-001421	0	-0.3650723741185061	-2.4676845324820387
ACH-001422	0	-0.3351990583409377	-2.0209502960909465
ACH-001430	0	-0.5327050266675065	-3.421711273383589
ACH-001431	0	-1.0804550225698062	-2.6461763121014763
ACH-001433	0	-0.7028923952748178	-2.3719886078838037
ACH-001436	0	-0.18167599483700075	-1.8724114695306293
ACH-001442	0	-0.15804543094727497	-3.010372561776259
ACH-001443	0	-0.2664170644377015	-2.8879462782916083
ACH-001450	0	-1.0778235573135826	-2.374683138845136
ACH-001451	0	-0.5384963992742582	-2.686910692601928
ACH-001453	0	-0.40770131453318104	-2.5787074442596802
ACH-001454	0	-0.35217277877166697	-2.4069976944990383
ACH-001458	0	-0.19916982987537285	-2.4962338743408656
ACH-001459	0	-0.18239151185351277	-3.025191345883475
ACH-001460	0	-0.7932391896915094	-1.8995816031276371
ACH-001461	0	-0.7863071895067775	-2.8376175363422824
ACH-001481	0	-0.16872350537742686	-2.5996097430013805
ACH-001484	0	-0.8293311402688299	-2.900722845652726
ACH-001494	0	-0.07942057695725635	-2.808352757489739
ACH-001495	0	-0.5998703789602873	-2.0773842139039016
ACH-001496	0	-1.2146605958441983	-2.1792156718722855
ACH-001497	0	-1.1771331359284325	-2.94427530455046
ACH-001498	0	-0.8159251189854793	-3.245070154668414
ACH-001500	0	-0.31597612610636855	-2.3637415766476995
ACH-001502	0	-0.21202555925265015	-2.2587743034967467
ACH-001508	0	-1.0593444734835669	-2.2694439151935093
ACH-001509	0	-0.09916285050514917	-2.7888545219043785
ACH-001510	0	-0.2357273586471921	-2.342916553561062
ACH-001511	0	-0.19065295586340317	-2.3937378063415964
ACH-001513	0	-0.16377711377338372	-2.7092960969134725
ACH-001515	0	-0.27025463248309134	-2.959355925416724
ACH-001517	0	-0.25793403244672736	-2.669014238991727
ACH-001518	0	-0.15695978993393667	-2.1146024290479666
ACH-001520	0	-1.0662208766440089	-2.596835435992938
ACH-001521	0	-0.25584833413546415	-2.7727170977483
ACH-001522	0	-0.2929581538353997	-2.3319302775645245
ACH-001523	0	-0.1292449680631551	-2.510642648567031
ACH-001524	0	-0.1827273144669942	-2.418186124452426
ACH-001525	0	-0.07078273033561372	-2.4299316130461293
ACH-001526	0	-0.21320150208391	-2.5964020613247945
ACH-001528	0	-0.28434473374634095	-2.3416614626140295
ACH-001529	0	-0.04740087608741378	-2.3404311092226058
ACH-001530	0	-0.7474853133086743	-2.2566974206913257
ACH-001532	0	-0.18790691751883015	-2.3893604461328577
ACH-001533	0	-0.9497884736385475	-2.717418301136872
ACH-001536	0	-0.21166289244739542	-2.4201593794805696
ACH-001538	0	-0.03774220249967386	-2.7651702131403533
ACH-001539	0	-0.8752233188539953	-2.85652796635826
ACH-001542	0	-0.5276555840932329	-2.479605316865712
ACH-001543	0	-0.2659351394560592	-2.658117469664944
ACH-001544	0	-2.0795926792784925	-2.129166425973569
ACH-001547	0	-0.15593190164843074	-2.3960077641334876
ACH-001548	0	-0.30472261397153255	-2.9603941280715986
ACH-001549	0	-0.8840616646722891	-2.7430185935500626
ACH-001550	0	-0.15281261172095206	-2.8057279796218406
ACH-001551	0	-0.16847508465350802	-2.445393302096962
ACH-001552	0	-0.16623060477299811	-2.8373237335728567
ACH-001554	0	-0.2130022949728028	-2.743011775677825
ACH-001555	0	-0.32378361328784083	-2.5839953055865763
ACH-001556	0	-0.27522481973086127	-2.7193761159848586
ACH-001557	0	-0.06997529693904059	-2.26554320021342
ACH-001558	0	0.032045705580819095	-2.453509552300678
ACH-001559	0	-0.49346600948165026	-2.7731024812840173
ACH-001560	0	-0.18592223142312156	-2.430620617043999
ACH-001562	0	-0.1518249220502929	-2.37248112005061
ACH-001563	0	-0.4427122344114871	-3.1197547436946853
ACH-001566	0	-0.26505327051871763	-2.1347009960579935
ACH-001567	0	-0.12310297827455746	-2.3713127668348206
ACH-001568	0	-0.27758578874811324	-2.81883838032957
ACH-001570	0	-0.3301943372706182	-2.584192517950257
ACH-001574	0	-0.8104500589394137	-3.059357931718967
ACH-001577	0	-0.8580586939380231	-2.659054921438971
ACH-001578	0	-0.43215688829137466	-2.5917127725826763
ACH-001603	0	-0.4466111848326835	-2.468588849669519
ACH-001605	0	-0.06982678297957695	-1.8813993101374122
ACH-001606	0	-0.31361365012445797	-2.473358030709658
ACH-001607	0	-0.7752595272531806	-3.0667103883355393
ACH-001608	0	-0.21027560881854843	-2.1554117999170597
ACH-001609	0	-0.28212806926667544	-3.009546522940819
ACH-001610	0	-0.2499018917383384	-2.4165825394815483
ACH-001611	0	-0.22068629049596936	-2.551490320592834
ACH-001613	0	-0.39885762898356025	-2.4272827083496167
ACH-001616	0	-1.0376737364050281	-2.5362967507873324
ACH-001618	0	-0.8962703967639506	-2.5900840736687982
ACH-001619	0	-0.07330439423112273	-2.439165051809311
ACH-001622	0	-0.2304773422813638	-2.5547540102576924
ACH-001623	0	-0.25423754446666574	-2.6370849383075403
ACH-001624	0	-0.23567817696052554	-2.427772067573239
ACH-001625	0	-0.3151458071548072	-2.199126953766261
ACH-001626	0	-0.04070727205533464	-2.543908358457159
ACH-001627	0	-0.2843434840684793	-2.172672818301992
ACH-001628	0	-0.18129891632373768	-2.5876180425568025
ACH-001630	0	-0.5750832784701913	-2.376880937022881
ACH-001632	0	-0.12954457143971698	-2.0672956610690685
ACH-001634	0	-1.221877637778749	-2.455684183906447
ACH-001639	0	-1.1219089141098644	-2.2535468735980984
ACH-001641	0	-0.20400508711120532	-2.2637476108929264
ACH-001642	0	0.0027131362190819797	-2.8315649563158036
ACH-001643	0	-0.41633203120342105	-2.445851407968078
ACH-001645	0	-0.29167743872637303	-2.011948857890347
ACH-001647	0	-1.0407241739577957	-2.714817973623404
ACH-001648	0	-0.11835556931676211	-2.25784872146383
ACH-001649	0	-0.43420911944508017	-2.2459777625598996
ACH-001650	0	-0.3062388280969416	-3.1155867893095133
ACH-001651	0	-0.27757064453523617	-2.68126894682755
ACH-001652	0	-0.4177285949612774	-2.3196037738269673
ACH-001653	0	-0.9655367900981175	-2.50597670438857
ACH-001654	0	-0.08377323017738769	-2.424280814832859
ACH-001655	0	-0.229096983775981	-3.008736655139949
ACH-001656	0	-0.9829840433253351	-2.38328381104517
ACH-001662	0	-0.18013818966638762	-2.0750295844273614
ACH-001664	0	-1.0399391726854892	-2.4926114172874683
ACH-001668	0	-0.34783064416750087	-2.3952109953398693
ACH-001669	0	-0.9660656441269801	-2.4512352484389015
ACH-001670	0	-0.5353141032519046	-2.267464478218949
ACH-001673	0	-1.4612316264599374	-2.553804452639102
ACH-001674	0	-0.7980299053586413	-2.3270121969139557
ACH-001675	0	-0.22537770784609	-2.118844946911318
ACH-001676	0	-0.42232293386992154	-2.6268973494943597
ACH-001677	0	-0.48274640659005713	-3.345724786734227
ACH-001683	0	-0.27062466148896014	-2.3949155316573765
ACH-001685	0	-0.9986109852036787	-2.785210256340711
ACH-001687	0	0.0264183740492544	-2.3189351754371854
ACH-001688	0	-0.2586288018308682	-2.671251285023891
ACH-001690	0	-0.21621564494571197	-2.667485472969999
ACH-001691	0	-0.11717118404499438	-2.6651886386512436
ACH-001692	0	-0.10819412193641981	-2.846059176446748
ACH-001694	0	-0.3316974356599113	-2.4748787967286168
ACH-001695	0	-0.4448824540714848	-2.7511936068986063
ACH-001696	0	-0.17200490239897437	-2.435957116822398
ACH-001698	0	-0.17571063428384054	-2.463475535589902
ACH-001699	0	-0.1468313397376692	-2.560723755303697
ACH-001701	0	-0.2543321945938084	-2.4468282476815566
ACH-001702	0	-0.188978984025002	-2.589021879403694
ACH-001707	0	-0.9395121111528578	-2.178194642848053
ACH-001709	0	-1.1867502776746932	-2.692533878223547
ACH-001711	0	-0.46527008399748815	-2.35804614103967
ACH-001715	0	-0.34673633036342477	-2.5924466293961275
ACH-001719	0	-0.13828824021801361	-2.236558608994445
ACH-001735	0	-0.9668099468219288	-2.6037960865994365
ACH-001736	0	-1.2033718000629703	-2.6101139395024378
ACH-001737	0	-0.6545784045352718	-3.4627628588350183
ACH-001740	1	-0.2495648584300277	-2.49621957761932
ACH-001745	1	-0.21690159961516334	-2.700280873560987
ACH-001750	1	-0.29944973669933783	-2.931170622713652
ACH-001765	1	-0.16277468077438445	-2.66952231610706
ACH-001786	0	-0.7076954847365009	-2.406313197424239
ACH-001791	0	-0.32509842874523504	-2.1932366376595787
ACH-001793	0	-0.17563538926586614	-2.874112130865226
ACH-001794	0	-0.38301110063491567	-3.1894508874585887
ACH-001795	0	-0.014407070331109606	-2.9580047428362244
ACH-001796	0	-0.37215675527931685	-3.1162787993327186
ACH-001799	0	-0.15475920316594038	-2.3502885274105365
ACH-001802	0	-0.5219468142825401	-2.95156947655123
ACH-001804	0	0.02590927194797582	-2.809676098986069
ACH-001814	0	-0.08723847860014439	-3.0582065067420516
ACH-001819	0	-1.525306631557875	-2.1159383357572326
ACH-001820	0	-1.3209044940387518	-2.26469118735971
ACH-001834	0	-0.36143810914436775	-2.377522246166117
ACH-001835	0	-1.2791328100972765	-2.7147213195185182
ACH-001836	0	-0.6253284693703918	-2.234466514352602
ACH-001838	0	-0.28620716786994804	-2.5441931089608403
ACH-001839	0	-0.898317562612849	-2.2517639431057757
ACH-001841	0	-0.16040853858373394	-2.846025577735559
ACH-001842	0	-0.6208634845629266	-2.7107376042886973
ACH-001843	0	-0.386696249274593	-2.4494223296403566
ACH-001844	0	-1.1087986764848428	-2.7625039424396753
ACH-001848	0	-0.14238870262695846	-2.890819602714893
ACH-001849	0	-0.25004278585302164	-2.447040171775784
ACH-001850	0	-0.5665580898308545	-2.353858863367123
ACH-001852	0	-0.2605925533203094	-2.703716146246378
ACH-001853	0	-0.038336587746703454	-2.8705921667666887
ACH-001856	0	-0.10027238969349467	-2.67197297060295
ACH-001857	0	-0.46775784486919536	-2.477272909612949
ACH-001858	0	-0.6147991781391027	-2.9501660082027374
ACH-001861	0	-0.7724264375020606	-2.048305123533124
ACH-001862	0	-1.179592416891742	-2.4151270625745003
ACH-001863	0	-0.30370989226398437	-2.334746115220852
ACH-001864	0	-1.359769678257672	-2.162601671634978
ACH-001959	0	-0.3202009886161393	-2.3218246325211385
ACH-001960	0	-0.18116178434524843	-3.3659242141816392
ACH-001961	0	-0.7061077907974666	-2.352071003984352
ACH-001970	0	-0.2479040928324073	-2.019054437679757
ACH-001972	0	-0.21523709578851988	-2.0625967490540797
ACH-001973	0	-0.8144842282407228	-2.9520168669279405
ACH-001975	0	-1.503564006369996	-2.8415228430985615
ACH-001977	0	-1.2628814432855404	-2.578403044714918
ACH-001982	0	-0.12564940849068157	-2.1173700696249895
ACH-001986	0	-0.17416744118850658	-2.0640591939684048
ACH-001990	0	-0.13616587501471222	-2.384622904918748
ACH-001991	0	-0.7996135443331185	-2.3383051958169085
ACH-001992	0	-0.2615258361080365	-2.9801835612811756
ACH-001993	0	-1.0524872004908317	-2.5680131351096582
ACH-001997	0	-0.27679043228230377	-2.7990265060799535
ACH-001999	0	-0.14159282052401784	-2.6470902860145977
ACH-002001	0	-0.30235263072615837	-2.9275336394305183
ACH-002002	0	-0.187847509855704	-2.9643457355840717
ACH-002003	0	-0.3387789206611107	-2.0804785868724047
ACH-002004	0	-0.29675742554896134	-2.8591318250125592
ACH-002005	0	-0.2116780040541747	-2.326543317043778
ACH-002014	0	-0.4581755359984596	-2.6400561080701515
ACH-002015	0	-0.16255269049685805	-2.598720295875109
ACH-002016	0	-0.36741232638373084	-2.2691833489592006
ACH-002018	0	-0.1847742656798525	-2.29769854697883
ACH-002019	0	-0.08359653716279308	-2.6048415659839006
ACH-002020	0	-0.10899082303487595	-1.9596990927745948
ACH-002021	0	-0.4492030842538791	-1.9743102065670226
ACH-002023	0	-0.6726751645629179	-2.86003549925281
ACH-002024	0	-0.5359445248365015	-2.9568543162598657
ACH-002025	0	-0.8957153076812885	-2.331867229805026
ACH-002026	0	-1.1555038446722041	-2.391112687633602
ACH-002027	0	-0.1616389547705276	-2.315248585847727
ACH-002029	0	-0.324417091056486	-2.1101280657735777
ACH-002030	0	-0.10471895011274257	-2.349444205659952
ACH-002033	0	-0.19035099932688124	-2.1202569586931426
ACH-002035	0	-0.30834773872708143	-2.2638099847616466
ACH-002039	0	-0.1977480851785591	-2.4854847706530796
ACH-002040	0	-0.3750779619566482	-1.8517229952599426
ACH-002041	0	-0.2439773136485432	-2.793812069769024
ACH-002042	0	-0.1553974813733659	-2.3491322900941336
ACH-002043	0	-0.20339727163878388	-2.795212760715212
ACH-002044	0	-0.07790923320890486	-2.545732898435292
ACH-002045	0	-0.2957039982453883	-2.5719882280052757
ACH-002046	0	-0.1691629649675902	-2.1663189788590853
ACH-002048	1	-0.17514755824534112	-2.5379154026029602
ACH-002051	0	-0.23362006108126004	-2.590412433468145
ACH-002052	0	-0.30916551314672175	-2.0728178706932763
ACH-002055	0	-0.3558356656157766	-2.8010202296334596
ACH-002059	0	-0.9599784368687937	-2.721669755070003
ACH-002061	0	-0.6663850767600877	-2.3878625289152327
ACH-002062	0	-1.081524208101432	-2.4281775644530885
ACH-002066	0	-0.2516755661239646	-2.428232850598793
ACH-002067	0	-0.43559670219595187	-2.6208860791190496
ACH-002069	0	-0.22627293383969996	-2.508179199640213
ACH-002070	0	-0.10582577161500606	-2.456613494595503
ACH-002077	0	-0.9199766676162986	-2.779352993691924
ACH-002080	0	-0.43998708505679635	-2.6239205729231894
ACH-002083	0	-0.15432589191475699	-2.901539847030931
ACH-002084	0	-0.18637281724564983	-2.0223568651352286
ACH-002105	0	-0.4413415443028261	-2.6493779412037735
ACH-002106	0	-1.9533982217560002	-3.1589969616352334
ACH-002109	0	-0.5241375483319953	-2.728651224483455
ACH-002110	0	-0.3138898710327859	-1.4776084737286572
ACH-002114	0	-0.3010636254189677	-3.1867409752649736
ACH-002116	0	-0.8295591888233357	-2.360623813029798
ACH-002119	0	-0.03494934448596981	-2.3611647593654634
ACH-002140	0	-0.12094758519194188	-3.59719614001446
ACH-002141	0	-0.5607947838963397	-2.1251455164860857
ACH-002143	0	-0.11958734687349126	-2.478974328427463
ACH-002150	0	-0.13486682114106952	-2.7713613571911098
ACH-002156	0	-0.9582515755744473	-3.1963405875402264
ACH-002160	0	-0.38368809758207595	-3.348912713289824
ACH-002161	0	-0.3912836327494706	-2.160497305702611
ACH-002179	0	-0.400852789864899	-3.039138479072192
ACH-002181	0	0.017707140178751413	-2.847630373432068
ACH-002183	0	-0.9681963047695378	-2.742928919726701
ACH-002186	0	-0.04216051564367168	-2.5003151359863893
ACH-002189	0	-0.13597685339122784	-2.389937823999262
ACH-002198	0	-0.6882124213013265	-2.139823559550006
ACH-002202	0	-0.2050513436419706	-3.0937733283126114
ACH-002204	0	-0.2896875404432467	-2.621888973897565
ACH-002210	0	-2.5122628452189764	-2.783723263447583
ACH-002212	0	-0.39984842673451293	-3.050843521652075
ACH-002214	0	-1.0819035046286478	-2.6667249322484334
ACH-002215	0	-0.6035334850969514	-2.8390780739279426
ACH-002228	0	-0.2894802716045419	-3.27774807751525
ACH-002229	0	-0.48554088323299854	-2.49919870213655
ACH-002230	0	-0.07204402989377207	-2.324923859617287
ACH-002233	0	-1.6670413707310279	-2.9607178490111945
ACH-002234	0	-0.32538734704868905	-2.6924316865941544
ACH-002239	0	-0.31514908860647717	-3.0513735562040827
ACH-002243	0	-0.023291381241365483	-2.8080431919851474
ACH-002247	0	-0.5754965176313869	-2.2645103618417917
ACH-002249	0	-0.030473704279097846	-2.908107554456881
ACH-002250	0	-0.395667405689061	-2.235549413769241
ACH-002251	0	0.039415243400080624	-1.9878682802969787
ACH-002257	0	0.05049057031851595	-1.8111254087149344
ACH-002261	0	-0.19679998928731568	-3.1943134231481425
ACH-002263	0	-0.34559087760871143	-2.6085390755886833
ACH-002265	0	-0.02904054668808087	-2.6325495689023826
ACH-002269	0	-0.3738506716011719	-2.794513553404794
ACH-002278	0	-0.4608210884246662	-3.1798276805616674
ACH-002280	0	0.01687049486168446	-3.205857755554275
ACH-002282	0	-0.6171667916700173	-2.905167834395752
ACH-002283	0	-0.23051865029461885	-2.462233549500427
ACH-002284	0	-0.21639624170654473	-2.579830587046956
ACH-002285	0	-0.2572304085930647	-2.7048901231803306
ACH-002291	0	-0.11656801613523965	-2.1470817469788583
ACH-002294	0	-0.5900505761184578	-2.056635562172484
ACH-002295	0	-0.46105738496397386	-1.7116022347965765
ACH-002296	0	-0.17526366552998296	-3.168717297155997
ACH-002297	0	-0.2684224417502689	-3.240586814903249
ACH-002298	0	-1.297533391193341	-3.2287338875502707
ACH-002304	0	-0.25105937360166625	-1.5667320985281656
ACH-002305	0	-0.39130419095409286	-2.8294309231745998
ACH-002399	0	-0.23401114661077957	-2.0331621351372986
ACH-002400	0	-0.49610311723291733	-1.9254899561756744
ACH-002401	0	-0.6272941481104646	-2.2387194900488696
ACH-002446	0	-0.32999248238473544	-2.464982996562144
ACH-002458	0	-0.1376663830347684	-2.503911843992353
ACH-002460	0	-0.4296823438748063	-2.5214573311266864
ACH-002461	0	-1.2199315642478523	-2.577490347506051
ACH-002462	0	-0.2390466874634923	-2.538697335777997
ACH-002463	0	-0.1415377066664827	-2.885299618226729
ACH-002464	0	-0.18492280290301133	-2.7827359615075267
ACH-002465	0	-0.24546965300095602	-2.9948984448756617
ACH-002467	0	-0.3642331541329964	-2.6229760652927534
ACH-002470	0	-0.17625511357407375	-1.8413814957837933
ACH-002471	0	-0.25461031693410074	-2.884743084786211
ACH-002475	0	-0.1590825603170617	-2.7495569892534713
ACH-002478	0	-0.46803237323337377	-2.8599720294387487
ACH-002485	0	-0.811735708372652	-2.353635160708816
ACH-002486	0	-0.1482047709933786	-2.3721800462342055
ACH-002490	0	-0.3448326787278423	-2.583549031641997
ACH-002499	0	-0.4428787123586403	-2.3544810640091742
ACH-002500	0	-0.8556845620581977	-2.4955298412919804
ACH-002508	0	-0.2368426973772352	-2.2988636319338287
ACH-002510	0	-0.26366561065744426	-1.8627484996726098
ACH-002511	0	-0.2039195972259574	-2.8979525032234936
ACH-002512	0	-0.5726114675618864	-3.1082492199513494
ACH-002522	0	-0.20530855068994544	-2.380974635915724
ACH-002523	0	-0.11628151512917723	-2.1291951761776957
ACH-002524	0	-1.204486628852253	-2.8588788616096923
ACH-002526	0	-0.985722284823019	-2.3475762715604236
ACH-002528	0	-0.25781230597078	-2.372669110109659
ACH-002530	0	-0.380685130875956	-2.2533071514777654
ACH-002531	0	-0.5262606205984958	-2.511792261687217
ACH-002533	0	-0.3007683556137443	-2.9450901200060113
ACH-002535	0	-0.4207993738647068	-2.1575604083802165
ACH-002538	0	-0.5585804871373771	-2.2958945479201573
ACH-002544	0	-0.3081505176274897	-1.8099732944268985
ACH-002647	0	-0.2772048362405963	-2.237910909798911
ACH-002650	0	-0.16000526128000525	-2.4200370845514296
ACH-002654	0	-0.3262771124978651	-2.0313012848298846
ACH-002659	0	-1.1137668281685253	-2.9659034255109256
ACH-002660	0	-0.2274950307892292	-2.487032670361006
ACH-002662	0	-0.8580012259348118	-1.8977337631776177
ACH-002664	0	-0.09499467437180065	-2.406666829234635
ACH-002669	0	-0.7412755937220015	-2.175671514629185
ACH-002672	0	-0.1062237864071589	-2.39308780800151
ACH-002677	0	-1.0156230350233495	-2.168252158241443
ACH-002678	0	-0.8926719809399049	-2.802066914162141
ACH-002680	0	-0.19508244463497718	-2.227473085168666
ACH-002681	0	-0.18429676720995097	-2.694839495644941
ACH-002687	0	-0.37899009977547626	-1.9919577116111735
ACH-002690	0	-0.19779172630841593	-2.3132580240046643
ACH-002693	0	-0.2234023264981045	-2.092301243342868
ACH-002705	0	-0.1620408371504493	-2.9104602022246895
ACH-002706	0	-1.1588360201679895	-2.3460744691840847
ACH-002709	0	-1.638605610613061	-1.82466811336902
ACH-002710	0	-0.17596520737636895	-2.7454077458044805
ACH-002711	0	-0.2691074498933446	-2.541103444242859
ACH-002778	0	-0.34298225335890264	-2.5692079953376723
ACH-002780	0	-0.9046513411454872	-2.9405975492899095
ACH-002782	0	-0.32920380455093684	-2.5179877031736813
ACH-002784	0	-0.15604578789325957	-2.9528372798485876
ACH-002785	0	-0.7411078072908952	-2.71446624376018
ACH-002792	0	-0.1843169385139281	-2.366010511010476
ACH-002799	0	-0.19823447835928668	-2.214522398871126
ACH-002800	0	-0.2724240586738421	-2.3816099117968426
ACH-002806	0	-0.144380488053507	-2.011869312131976
ACH-002834	0	-0.24358570419674064	-2.133286330585493
ACH-002847	0	-0.03698298276818707	-2.1674851449651262
ACH-002922	0	-0.5138568965015616	-2.569912494900123
ACH-002925	0	-0.24985621171043812	-1.9644896770464229
ACH-002926	0	-0.5557583023662985	-2.34354951214171
ACH-002928	0	-0.5040108279741807	-2.6988226689371113
ACH-003012	0	-0.3278919630751701	-2.7170761531776755
ACH-003177	0	-0.4362172746185442	-2.4466582031085506
ACH-003180	0	-0.45294012730989314	-1.6400845780718032
