# fresh-set report (#2263) — counts only; GT text stays in <work>/<id>/truth.tsv
# source=sherlock-gh discovery=offline ledger=checked probe=off
id	slug	date	ended	status	reason	gt	rare	rare_loc	rarity_unknown	gt_shape	sol_files	sol_lines	roots	project_subdir	code_present	contam_strong	contam_weak	contam_pv	ledger	memo	memo_rare	memo_cued	code_sha	judging_sha
2099-05-echo	2099-05-echo	2099-05	2099-05-21	EXCLUDED	corpus	-	-	-	-	-	-	-	-	-	-	-	-	-	-	-	-	-	-	-
alpha	2099-01-alpha	2099-01	2099-01-21	CONTAMINATED	strong=0 pv=0 ledger=strong	3	2	1	0	ok	1	21	1	proj	ok	0	0	0	strong	-	-	-	local	local
bravo	2099-02-bravo	2099-02	2099-02-21	NO-CODE	readme-only	1	1	-	0	ok	0	0	0	-	readme-only	0	0	0	none	-	-	-	local	local
charlie	2099-03-charlie	2099-03	2099-03-21	NO-CODE	empty-submodule	1	1	-	0	ok	0	0	0	-	empty-submodule	0	0	0	none	-	-	-	local	local
delta	2099-04-delta	2099-04	2099-04-21	CONTAMINATED	strong=1 pv=1 ledger=none	1	1	0	0	ok	1	8	1	core	ok	1	1	1	none	-	-	-	local	local
foxtrot	2099-06-foxtrot	2099-06	2099-06-21	REVIEW	weak=1 ledger=none	1	1	0	0	ok	1	10	1	.	ok	0	1	0	none	-	-	-	local	local
golf	2099-07-golf	2099-07	2099-07-21	NO-GT	0-rows	0	0	-	0	ok	-	-	-	-	-	0	0	0	none	-	-	-	-	local
